{"walls":[{"a":{"x":16.03125,"y":27.052083333333332},"b":{"x":16.03125,"y":35.072916666666664},"damping":500.0},{"a":{"x":16.0,"y":27.0625},"b":{"x":24.0,"y":27.0},"damping":500.0}],"radio_points":[],"radio_zones":[]}