{"walls":[{"a":{"x":15.999070464581036,"y":27.99567788618315},"b":{"x":15.999070464581036,"y":35.00956677507204},"damping":500.0},{"a":{"x":19.999070464581035,"y":28.037344552849817},"b":{"x":19.999070464581035,"y":35.01651121951648},"damping":500.0},{"a":{"x":15.999070464581036,"y":27.99567788618315},"b":{"x":15.999070464581036,"y":35.00956677507204},"damping":500.0},{"a":{"x":19.999070464581035,"y":28.037344552849817},"b":{"x":19.999070464581035,"y":35.01651121951648},"damping":500.0}],"radio_points":[],"radio_zones":[]}