{"walls":[{"a":{"x":26.5625,"y":30.59375},"b":{"x":36.90625,"y":32.65625},"damping":500.0},{"a":{"x":35.0,"y":25.03125},"b":{"x":35.40625,"y":32.28125},"damping":500.0}],"radio_points":[],"radio_zones":[]}