{"walls":[{"a":{"x":-1.0365969552355558,"y":12.95582821677823},"b":{"x":-0.9897219552355558,"y":22.79957821677823},"damping":500.0},{"a":{"x":-1.0365969552355558,"y":12.95582821677823},"b":{"x":11.994653044764444,"y":12.95582821677823},"damping":500.0}],"radio_points":[],"radio_zones":[]}