{"walls":[{"a":{"x":15.358857545134596,"y":22.02094854374401},"b":{"x":15.452607545134596,"y":38.23969854374401},"damping":500.0},{"a":{"x":15.358857545134596,"y":22.02094854374401},"b":{"x":15.452607545134596,"y":38.23969854374401},"damping":500.0},{"a":{"x":23.233857545134597,"y":21.83344854374401},"b":{"x":22.905732545134597,"y":38.47407354374401},"damping":500.0}],"radio_points":[],"radio_zones":[]}